{
  "roi_idx": 0,
  "mae": 0.3154451251029968,
  "mse": 0.21610970795154572,
  "rmse": 0.4648760259151459,
  "r2": 0.7791467888998248,
  "coverage": 0.9506173133850098,
  "interval_width": 1.9392142295837402,
  "n_test_samples": 1458
}