{
  "roi_idx": 0,
  "mae": 0.3489081859588623,
  "mse": 0.29550716280937195,
  "rmse": 0.5436056852340698,
  "r2": 0.6975293235458974,
  "coverage": 0.9492753744125366,
  "interval_width": 2.2400474548339844,
  "n_test_samples": 1932
}