{
  "roi_idx": 0,
  "mae": 0.09264013916254044,
  "mse": 0.019083388149738312,
  "rmse": 0.1381426304578781,
  "r2": 0.9810201728562051,
  "coverage": 0.9954995499549955,
  "interval_width": 1.1515343189239502,
  "training_time": 13.830545902252197
}