{
  "roi_idx": 1,
  "mae": 0.11439655721187592,
  "mse": 0.028386196121573448,
  "rmse": 0.16848203539848328,
  "r2": 0.9699183972369569,
  "coverage": 0.9914491449144914,
  "interval_width": 1.231540560722351,
  "training_time": 13.833003997802734
}