{
  "roi_idx": 0,
  "mae": 0.3154451251029968,
  "mse": 0.21610970795154572,
  "rmse": 0.4648760259151459,
  "r2": 0.7791467888998248,
  "coverage": 0.9506172839506173,
  "interval_width": 1.939301609992981,
  "training_time": 10.518412590026855
}