{
  "roi_idx": 1,
  "mae": 0.11439655721187592,
  "mse": 0.028386196121573448,
  "rmse": 0.16848203539848328,
  "r2": 0.9699183972369569,
  "coverage": 0.9914491176605225,
  "interval_width": 1.2315775156021118,
  "n_test_samples": 2222
}