{
  "roi_idx": 0,
  "mae": 0.09264013916254044,
  "mse": 0.019083388149738312,
  "rmse": 0.1381426304578781,
  "r2": 0.9810201728562051,
  "coverage": 0.9954995512962341,
  "interval_width": 1.1515384912490845,
  "n_test_samples": 2222
}