score,mae,mse,rmse,r2,coverage,interval_width,n_samples
adas,0.31544513,0.21610971,0.46487603,0.7791467888998248,0.9506173,1.9392142,674
mmse,0.3489082,0.29550716,0.5436057,0.6975293235458974,0.9492754,2.2400475,944
