{
  "roi_idx": 17,
  "roi_name": "Hippocampus",
  "mae": 0.09667377,
  "mse": 0.024307128,
  "rmse": 0.15590744,
  "r2": 0.973962380140084,
  "coverage": 0.98790497,
  "interval_width": 1.1691047,
  "n_samples": 1164
}