roi_idx,mae,mse,rmse,r2,coverage,interval_width,n_samples
17,0.09667377,0.024307128,0.15590744,0.973962380140084,0.98790497,1.1691047,1164
