score,mae,mse,rmse,r2,coverage,interval_width,n_samples
spare_ad,0.09264014,0.019083388,0.13814263,0.9810201728562052,0.99549955,1.1515385,1194
spare_ef,0.11439656,0.028386196,0.16848204,0.9699183972369568,0.9914491,1.2315775,1194
