{
  "roi_idx": 68,
  "mae": 0.1563514769077301,
  "mse": 0.07716809958219528,
  "rmse": 0.27779147028923035,
  "r2": 0.927818511358094,
  "coverage": 0.9853131771087646,
  "interval_width": 1.4594604969024658,
  "n_test_samples": 2315
}