{
  "roi_idx": 0,
  "mae": 0.09070151299238205,
  "mse": 0.02046181634068489,
  "rmse": 0.14304479956626892,
  "r2": 0.977168841333456,
  "coverage": 0.9904967546463013,
  "interval_width": 1.1323432922363281,
  "n_test_samples": 2315
}