{
  "roi_idx": 50,
  "mae": 0.16627953946590424,
  "mse": 0.05766870453953743,
  "rmse": 0.2401430904865265,
  "r2": 0.9404761787054574,
  "coverage": 0.9844492673873901,
  "interval_width": 1.4909534454345703,
  "n_test_samples": 2315
}