{
  "roi_idx": 136,
  "mae": 0.1812586486339569,
  "mse": 0.09188108146190643,
  "rmse": 0.30311891436576843,
  "r2": 0.9109610281074456,
  "coverage": 0.9840172529220581,
  "interval_width": 1.6415249109268188,
  "n_test_samples": 2315
}