{
  "roi_idx": 56,
  "mae": 0.16118693351745605,
  "mse": 0.06330293416976929,
  "rmse": 0.2516007423400879,
  "r2": 0.9345450780885174,
  "coverage": 0.9827213883399963,
  "interval_width": 1.4357185363769531,
  "n_test_samples": 2315
}