{
  "roi_idx": 74,
  "mae": 0.19615423679351807,
  "mse": 0.1215846911072731,
  "rmse": 0.3486899733543396,
  "r2": 0.8911832831350961,
  "coverage": 0.9814254641532898,
  "interval_width": 1.6514745950698853,
  "n_test_samples": 2315
}