{
  "roi_idx": 32,
  "mae": 0.1543639749288559,
  "mse": 0.05389608070254326,
  "rmse": 0.23215529322624207,
  "r2": 0.9484062001537125,
  "coverage": 0.9796976447105408,
  "interval_width": 1.341433048248291,
  "n_test_samples": 2315
}