{
  "roi_idx": 57,
  "mae": 0.16625571250915527,
  "mse": 0.06054222211241722,
  "rmse": 0.2460532933473587,
  "r2": 0.9416454582593178,
  "coverage": 0.987904965877533,
  "interval_width": 1.4917477369308472,
  "n_test_samples": 2315
}