{
  "roi_idx": 60,
  "mae": 0.17185865342617035,
  "mse": 0.06303586810827255,
  "rmse": 0.25106945633888245,
  "r2": 0.9357720568334311,
  "coverage": 0.9805615544319153,
  "interval_width": 1.4892010688781738,
  "n_test_samples": 2315
}