{
  "roi_idx": 42,
  "mae": 0.12843674421310425,
  "mse": 0.03340468555688858,
  "rmse": 0.18276949226856232,
  "r2": 0.9644578148094248,
  "coverage": 0.9904967546463013,
  "interval_width": 1.2399399280548096,
  "n_test_samples": 2315
}