{
  "roi_idx": 107,
  "mae": 0.15774428844451904,
  "mse": 0.05519744008779526,
  "rmse": 0.23494134843349457,
  "r2": 0.950730561374611,
  "coverage": 0.9792656302452087,
  "interval_width": 1.3482955694198608,
  "n_test_samples": 2315
}