{
  "roi_idx": 16,
  "mae": 0.14246325194835663,
  "mse": 0.07324791699647903,
  "rmse": 0.27064353227615356,
  "r2": 0.9256460888797132,
  "coverage": 0.9732181429862976,
  "interval_width": 1.3531737327575684,
  "n_test_samples": 2315
}