{
  "roi_idx": 14,
  "mae": 0.14718006551265717,
  "mse": 0.0637597069144249,
  "rmse": 0.2525068521499634,
  "r2": 0.940041812575709,
  "coverage": 0.9784017205238342,
  "interval_width": 1.363909363746643,
  "n_test_samples": 2315
}