{
  "roi_idx": 47,
  "mae": 0.14819161593914032,
  "mse": 0.04636883735656738,
  "rmse": 0.21533425152301788,
  "r2": 0.9566938387287232,
  "coverage": 0.9904967546463013,
  "interval_width": 1.3710551261901855,
  "n_test_samples": 2315
}