{
  "roi_idx": 49,
  "mae": 0.162811741232872,
  "mse": 0.055136874318122864,
  "rmse": 0.2348124235868454,
  "r2": 0.9435320116052385,
  "coverage": 0.9883369207382202,
  "interval_width": 1.4729559421539307,
  "n_test_samples": 2315
}