{
  "roi_idx": 120,
  "mae": 0.20176200568675995,
  "mse": 0.08378037810325623,
  "rmse": 0.28944841027259827,
  "r2": 0.9167284611532148,
  "coverage": 0.9796976447105408,
  "interval_width": 1.657838225364685,
  "n_test_samples": 2315
}