{
  "roi_idx": 126,
  "mae": 0.18804864585399628,
  "mse": 0.0696730837225914,
  "rmse": 0.26395660638809204,
  "r2": 0.9300951735109081,
  "coverage": 0.9866090416908264,
  "interval_width": 1.5399948358535767,
  "n_test_samples": 2315
}