{
  "roi_idx": 81,
  "mae": 0.19625408947467804,
  "mse": 0.07661403715610504,
  "rmse": 0.27679240703582764,
  "r2": 0.9312001546333665,
  "coverage": 0.9840172529220581,
  "interval_width": 1.5301024913787842,
  "n_test_samples": 2315
}