{
  "roi_idx": 78,
  "mae": 0.2057480663061142,
  "mse": 0.08367176353931427,
  "rmse": 0.28926071524620056,
  "r2": 0.9181301782208996,
  "coverage": 0.9796976447105408,
  "interval_width": 1.6127012968063354,
  "n_test_samples": 2315
}