{
  "roi_idx": 92,
  "mae": 0.1946217566728592,
  "mse": 0.07757148891687393,
  "rmse": 0.27851659059524536,
  "r2": 0.9216940461152499,
  "coverage": 0.9796976447105408,
  "interval_width": 1.5371190309524536,
  "n_test_samples": 2315
}