{
  "roi_idx": 26,
  "mae": 0.13626432418823242,
  "mse": 0.03829297423362732,
  "rmse": 0.19568590819835663,
  "r2": 0.9621157627338208,
  "coverage": 0.9857451319694519,
  "interval_width": 1.2132136821746826,
  "n_test_samples": 2315
}