{
  "roi_idx": 8,
  "mae": 0.15509015321731567,
  "mse": 0.06481976062059402,
  "rmse": 0.2545972466468811,
  "r2": 0.9405790810176616,
  "coverage": 0.9844492673873901,
  "interval_width": 1.362519383430481,
  "n_test_samples": 2315
}