{
  "roi_idx": 48,
  "mae": 0.1436006724834442,
  "mse": 0.04294178634881973,
  "rmse": 0.20722399652004242,
  "r2": 0.9582206303401135,
  "coverage": 0.9904967546463013,
  "interval_width": 1.3548146486282349,
  "n_test_samples": 2315
}