{
  "roi_idx": 127,
  "mae": 0.17588238418102264,
  "mse": 0.06260380893945694,
  "rmse": 0.2502075433731079,
  "r2": 0.9374734216685185,
  "coverage": 0.9844492673873901,
  "interval_width": 1.4828850030899048,
  "n_test_samples": 2315
}