{
  "roi_idx": 1,
  "mae": 0.12551762163639069,
  "mse": 0.037142787128686905,
  "rmse": 0.19272464513778687,
  "r2": 0.9652065435345747,
  "coverage": 0.9840172529220581,
  "interval_width": 1.2168158292770386,
  "n_test_samples": 2315
}