{
  "roi_idx": 102,
  "mae": 0.18590399622917175,
  "mse": 0.07621950656175613,
  "rmse": 0.2760787904262543,
  "r2": 0.9253728810149137,
  "coverage": 0.9818574786186218,
  "interval_width": 1.5134437084197998,
  "n_test_samples": 2315
}