{
  "roi_idx": 140,
  "mae": 0.17507675290107727,
  "mse": 0.09575632959604263,
  "rmse": 0.30944520235061646,
  "r2": 0.9122601899382481,
  "coverage": 0.9792656302452087,
  "interval_width": 1.4377367496490479,
  "n_test_samples": 2315
}