{
  "roi_idx": 88,
  "mae": 0.1976165920495987,
  "mse": 0.07967416942119598,
  "rmse": 0.28226613998413086,
  "r2": 0.9219230351495219,
  "coverage": 0.9831533432006836,
  "interval_width": 1.6001209020614624,
  "n_test_samples": 2315
}