{
  "roi_idx": 89,
  "mae": 0.21613891422748566,
  "mse": 0.10030391067266464,
  "rmse": 0.31670793890953064,
  "r2": 0.9060140540559373,
  "coverage": 0.9758099317550659,
  "interval_width": 1.6806855201721191,
  "n_test_samples": 2315
}