{
  "roi_idx": 82,
  "mae": 0.17500236630439758,
  "mse": 0.06068197637796402,
  "rmse": 0.24633711576461792,
  "r2": 0.9417690385075893,
  "coverage": 0.9874730110168457,
  "interval_width": 1.4863381385803223,
  "n_test_samples": 2315
}