{
  "roi_idx": 116,
  "mae": 0.20153628289699554,
  "mse": 0.13714058697223663,
  "rmse": 0.370324969291687,
  "r2": 0.8696875451054613,
  "coverage": 0.9866090416908264,
  "interval_width": 1.7803434133529663,
  "n_test_samples": 2315
}