{
  "roi_idx": 24,
  "mae": 0.12689469754695892,
  "mse": 0.033585719764232635,
  "rmse": 0.18326407670974731,
  "r2": 0.9667928411168074,
  "coverage": 0.9913606643676758,
  "interval_width": 1.3120942115783691,
  "n_test_samples": 2315
}