{
  "roi_idx": 134,
  "mae": 0.1869591623544693,
  "mse": 0.07901032269001007,
  "rmse": 0.2810877561569214,
  "r2": 0.9246569828712516,
  "coverage": 0.9805615544319153,
  "interval_width": 1.5428037643432617,
  "n_test_samples": 2315
}