{
  "roi_idx": 43,
  "mae": 0.13827818632125854,
  "mse": 0.037325669080019,
  "rmse": 0.19319851696491241,
  "r2": 0.9630723481167562,
  "coverage": 0.9913606643676758,
  "interval_width": 1.2354117631912231,
  "n_test_samples": 2315
}