{
  "roi_idx": 29,
  "mae": 0.1446230113506317,
  "mse": 0.047792330384254456,
  "rmse": 0.21861456334590912,
  "r2": 0.9545244011094051,
  "coverage": 0.987904965877533,
  "interval_width": 1.4095182418823242,
  "n_test_samples": 2315
}