{
  "roi_idx": 143,
  "mae": 0.13466614484786987,
  "mse": 0.04070447012782097,
  "rmse": 0.20175348222255707,
  "r2": 0.9592901991588388,
  "coverage": 0.9909287095069885,
  "interval_width": 1.3236571550369263,
  "n_test_samples": 2315
}