{
  "roi_idx": 34,
  "mae": 0.1928047388792038,
  "mse": 0.09498073160648346,
  "rmse": 0.3081894516944885,
  "r2": 0.9114725772719358,
  "coverage": 0.9706263542175293,
  "interval_width": 1.5288366079330444,
  "n_test_samples": 2315
}