{
  "roi_idx": 137,
  "mae": 0.15642805397510529,
  "mse": 0.060669511556625366,
  "rmse": 0.24631181359291077,
  "r2": 0.9437405102231312,
  "coverage": 0.9870410561561584,
  "interval_width": 1.495011568069458,
  "n_test_samples": 2315
}