{
  "roi_idx": 11,
  "mae": 0.21303924918174744,
  "mse": 0.1465192288160324,
  "rmse": 0.3827783167362213,
  "r2": 0.8533534987498552,
  "coverage": 0.977969765663147,
  "interval_width": 1.642399549484253,
  "n_test_samples": 2315
}