{
  "roi_idx": 84,
  "mae": 0.15165036916732788,
  "mse": 0.053788479417562485,
  "rmse": 0.2319234311580658,
  "r2": 0.9504254809713039,
  "coverage": 0.9844492673873901,
  "interval_width": 1.3613591194152832,
  "n_test_samples": 2315
}