{
  "roi_idx": 28,
  "mae": 0.1960829347372055,
  "mse": 0.08112362027168274,
  "rmse": 0.2848220765590668,
  "r2": 0.9218008559304258,
  "coverage": 0.9788336753845215,
  "interval_width": 1.55485200881958,
  "n_test_samples": 2315
}