{
  "roi_idx": 76,
  "mae": 0.147574320435524,
  "mse": 0.057285111397504807,
  "rmse": 0.2393430769443512,
  "r2": 0.9408803940596513,
  "coverage": 0.9904967546463013,
  "interval_width": 1.3502511978149414,
  "n_test_samples": 2315
}