{
  "roi_idx": 144,
  "mae": 0.1188465878367424,
  "mse": 0.03256717324256897,
  "rmse": 0.1804637759923935,
  "r2": 0.966168588981624,
  "coverage": 0.9956803321838379,
  "interval_width": 1.3099483251571655,
  "n_test_samples": 2315
}