{
  "roi_idx": 99,
  "mae": 0.19610613584518433,
  "mse": 0.10420867055654526,
  "rmse": 0.3228136897087097,
  "r2": 0.9006785940754022,
  "coverage": 0.9818574786186218,
  "interval_width": 1.6235218048095703,
  "n_test_samples": 2315
}