{
  "roi_idx": 85,
  "mae": 0.18715672194957733,
  "mse": 0.09048501402139664,
  "rmse": 0.30080726742744446,
  "r2": 0.9129264193066906,
  "coverage": 0.9805615544319153,
  "interval_width": 1.5837153196334839,
  "n_test_samples": 2315
}