{
  "roi_idx": 12,
  "mae": 0.20768344402313232,
  "mse": 0.12199079245328903,
  "rmse": 0.3492718040943146,
  "r2": 0.8725813796609123,
  "coverage": 0.9805615544319153,
  "interval_width": 1.6462656259536743,
  "n_test_samples": 2315
}