{
  "roi_idx": 91,
  "mae": 0.1848572939634323,
  "mse": 0.07214221358299255,
  "rmse": 0.2685930132865906,
  "r2": 0.9260561399276747,
  "coverage": 0.9831533432006836,
  "interval_width": 1.515020728111267,
  "n_test_samples": 2315
}