{
  "roi_idx": 108,
  "mae": 0.15563969314098358,
  "mse": 0.053644370287656784,
  "rmse": 0.23161254823207855,
  "r2": 0.9527093631903353,
  "coverage": 0.9840172529220581,
  "interval_width": 1.357032060623169,
  "n_test_samples": 2315
}