{
  "roi_idx": 93,
  "mae": 0.16546332836151123,
  "mse": 0.05462145805358887,
  "rmse": 0.2337123453617096,
  "r2": 0.9458830294973009,
  "coverage": 0.9870410561561584,
  "interval_width": 1.373609185218811,
  "n_test_samples": 2315
}