{
  "roi_idx": 77,
  "mae": 0.20221570134162903,
  "mse": 0.08139646798372269,
  "rmse": 0.28530067205429077,
  "r2": 0.9191414848282085,
  "coverage": 0.9861770868301392,
  "interval_width": 1.643752098083496,
  "n_test_samples": 2315
}