{
  "roi_idx": 55,
  "mae": 0.16096623241901398,
  "mse": 0.062312595546245575,
  "rmse": 0.24962490797042847,
  "r2": 0.9356395576530143,
  "coverage": 0.980129599571228,
  "interval_width": 1.3882935047149658,
  "n_test_samples": 2315
}