{
  "roi_idx": 117,
  "mae": 0.16335973143577576,
  "mse": 0.05439256504178047,
  "rmse": 0.2332221418619156,
  "r2": 0.9484373923789214,
  "coverage": 0.9866090416908264,
  "interval_width": 1.4662859439849854,
  "n_test_samples": 2315
}