{
  "roi_idx": 133,
  "mae": 0.1794368177652359,
  "mse": 0.06956805288791656,
  "rmse": 0.2637575566768646,
  "r2": 0.9301953652854812,
  "coverage": 0.9762418866157532,
  "interval_width": 1.4816449880599976,
  "n_test_samples": 2315
}