{
  "roi_idx": 36,
  "mae": 0.19031350314617157,
  "mse": 0.10939939320087433,
  "rmse": 0.3307558000087738,
  "r2": 0.8946232863061249,
  "coverage": 0.9827213883399963,
  "interval_width": 1.6674867868423462,
  "n_test_samples": 2315
}