{
  "roi_idx": 4,
  "mae": 0.21466344594955444,
  "mse": 0.10837242752313614,
  "rmse": 0.3291996717453003,
  "r2": 0.9048387589351199,
  "coverage": 0.9758099317550659,
  "interval_width": 1.7022312879562378,
  "n_test_samples": 2315
}