{
  "roi_idx": 51,
  "mae": 0.21158094704151154,
  "mse": 0.09110715240240097,
  "rmse": 0.3018396198749542,
  "r2": 0.9053150975347057,
  "coverage": 0.9822894334793091,
  "interval_width": 1.7002471685409546,
  "n_test_samples": 2315
}