{
  "roi_idx": 129,
  "mae": 0.19092705845832825,
  "mse": 0.07397499680519104,
  "rmse": 0.27198344469070435,
  "r2": 0.9270927028213025,
  "coverage": 0.9788336753845215,
  "interval_width": 1.5106009244918823,
  "n_test_samples": 2315
}