{
  "roi_idx": 52,
  "mae": 0.2227512151002884,
  "mse": 0.10045255720615387,
  "rmse": 0.3169425129890442,
  "r2": 0.9060374682279478,
  "coverage": 0.9749460220336914,
  "interval_width": 1.6602613925933838,
  "n_test_samples": 2315
}