{
  "roi_idx": 125,
  "mae": 0.18193861842155457,
  "mse": 0.0683099552989006,
  "rmse": 0.2613617181777954,
  "r2": 0.9219346973454859,
  "coverage": 0.9814254641532898,
  "interval_width": 1.5302754640579224,
  "n_test_samples": 2315
}