{
  "roi_idx": 83,
  "mae": 0.14291630685329437,
  "mse": 0.04519854485988617,
  "rmse": 0.2125995010137558,
  "r2": 0.9555642925809469,
  "coverage": 0.9904967546463013,
  "interval_width": 1.3674745559692383,
  "n_test_samples": 2315
}