{
  "roi_idx": 72,
  "mae": 0.22397294640541077,
  "mse": 0.18126584589481354,
  "rmse": 0.42575326561927795,
  "r2": 0.8198875663882983,
  "coverage": 0.9814254641532898,
  "interval_width": 1.7612930536270142,
  "n_test_samples": 2315
}