{
  "roi_idx": 20,
  "mae": 0.16331475973129272,
  "mse": 0.06230718642473221,
  "rmse": 0.24961407482624054,
  "r2": 0.9358924121647513,
  "coverage": 0.9848812222480774,
  "interval_width": 1.3631073236465454,
  "n_test_samples": 2315
}