{
  "roi_idx": 103,
  "mae": 0.18581651151180267,
  "mse": 0.0713011622428894,
  "rmse": 0.2670227885246277,
  "r2": 0.9322300716306741,
  "coverage": 0.980129599571228,
  "interval_width": 1.5423862934112549,
  "n_test_samples": 2315
}