{
  "roi_idx": 73,
  "mae": 0.18699339032173157,
  "mse": 0.11530173569917679,
  "rmse": 0.3395611047744751,
  "r2": 0.8962081058577364,
  "coverage": 0.9840172529220581,
  "interval_width": 1.6052833795547485,
  "n_test_samples": 2315
}