{
  "roi_idx": 135,
  "mae": 0.18052585422992706,
  "mse": 0.08663508296012878,
  "rmse": 0.2943383753299713,
  "r2": 0.9146656588907257,
  "coverage": 0.9844492673873901,
  "interval_width": 1.6088409423828125,
  "n_test_samples": 2315
}