{
  "roi_idx": 114,
  "mae": 0.1649424433708191,
  "mse": 0.06709957122802734,
  "rmse": 0.2590358555316925,
  "r2": 0.9344072426924087,
  "coverage": 0.9874730110168457,
  "interval_width": 1.555247187614441,
  "n_test_samples": 2315
}