{
  "roi_idx": 6,
  "mae": 0.11414938420057297,
  "mse": 0.02749084122478962,
  "rmse": 0.16580362617969513,
  "r2": 0.9734231389023237,
  "coverage": 0.9926565885543823,
  "interval_width": 1.1921794414520264,
  "n_test_samples": 2315
}