{
  "roi_idx": 132,
  "mae": 0.21503466367721558,
  "mse": 0.1548033207654953,
  "rmse": 0.393450528383255,
  "r2": 0.849736417024182,
  "coverage": 0.9870410561561584,
  "interval_width": 1.902409553527832,
  "n_test_samples": 2315
}