{
  "roi_idx": 131,
  "mae": 0.20241369307041168,
  "mse": 0.1402493268251419,
  "rmse": 0.37449875473976135,
  "r2": 0.8596675876026634,
  "coverage": 0.9814254641532898,
  "interval_width": 1.7590912580490112,
  "n_test_samples": 2315
}