{
  "roi_idx": 31,
  "mae": 0.2966395616531372,
  "mse": 0.18807107210159302,
  "rmse": 0.43367162346839905,
  "r2": 0.8086106332565499,
  "coverage": 0.9650108218193054,
  "interval_width": 2.0305986404418945,
  "n_test_samples": 2315
}