{
  "roi_idx": 66,
  "mae": 0.2470632791519165,
  "mse": 0.2145409733057022,
  "rmse": 0.4631856679916382,
  "r2": 0.8055465071465402,
  "coverage": 0.9749460220336914,
  "interval_width": 1.7440707683563232,
  "n_test_samples": 2315
}