{
  "roi_idx": 110,
  "mae": 0.1724167764186859,
  "mse": 0.07082166522741318,
  "rmse": 0.2661234140396118,
  "r2": 0.9318841127864866,
  "coverage": 0.9822894334793091,
  "interval_width": 1.5146573781967163,
  "n_test_samples": 2315
}