{
  "roi_idx": 18,
  "mae": 0.09719007462263107,
  "mse": 0.023788366466760635,
  "rmse": 0.15423478186130524,
  "r2": 0.9749868681690341,
  "coverage": 0.987904965877533,
  "interval_width": 1.161190390586853,
  "n_test_samples": 2315
}