{
  "roi_idx": 22,
  "mae": 0.14660871028900146,
  "mse": 0.051109857857227325,
  "rmse": 0.22607488930225372,
  "r2": 0.948274880923964,
  "coverage": 0.9883369207382202,
  "interval_width": 1.3987478017807007,
  "n_test_samples": 2315
}