{
  "roi_idx": 64,
  "mae": 0.18759019672870636,
  "mse": 0.07765057682991028,
  "rmse": 0.27865853905677795,
  "r2": 0.9267247314946203,
  "coverage": 0.9784017205238342,
  "interval_width": 1.4856270551681519,
  "n_test_samples": 2315
}