{
  "roi_idx": 39,
  "mae": 0.15943561494350433,
  "mse": 0.07993847876787186,
  "rmse": 0.2827339470386505,
  "r2": 0.9223391188802098,
  "coverage": 0.9822894334793091,
  "interval_width": 1.427860975265503,
  "n_test_samples": 2315
}