{
  "roi_idx": 10,
  "mae": 0.17019960284233093,
  "mse": 0.09932038933038712,
  "rmse": 0.3151513636112213,
  "r2": 0.9089111604028899,
  "coverage": 0.980129599571228,
  "interval_width": 1.4831205606460571,
  "n_test_samples": 2315
}