{
  "roi_idx": 79,
  "mae": 0.14447501301765442,
  "mse": 0.04410523548722267,
  "rmse": 0.21001246571540833,
  "r2": 0.9559295856493586,
  "coverage": 0.9904967546463013,
  "interval_width": 1.3390926122665405,
  "n_test_samples": 2315
}