{
  "roi_idx": 141,
  "mae": 0.18373842537403107,
  "mse": 0.07648511976003647,
  "rmse": 0.276559442281723,
  "r2": 0.9308177056165039,
  "coverage": 0.977969765663147,
  "interval_width": 1.5064713954925537,
  "n_test_samples": 2315
}