{
  "roi_idx": 101,
  "mae": 0.17219306528568268,
  "mse": 0.06554564088582993,
  "rmse": 0.25601881742477417,
  "r2": 0.9372553486087147,
  "coverage": 0.980129599571228,
  "interval_width": 1.4668339490890503,
  "n_test_samples": 2315
}