{
  "roi_idx": 71,
  "mae": 0.2059136927127838,
  "mse": 0.16673485934734344,
  "rmse": 0.40833181142807007,
  "r2": 0.8495952686459631,
  "coverage": 0.9844492673873901,
  "interval_width": 1.7022053003311157,
  "n_test_samples": 2315
}