{
  "roi_idx": 45,
  "mae": 0.1568928062915802,
  "mse": 0.0643618106842041,
  "rmse": 0.2536962926387787,
  "r2": 0.93593922500643,
  "coverage": 0.9853131771087646,
  "interval_width": 1.349671483039856,
  "n_test_samples": 2315
}