{
  "roi_idx": 30,
  "mae": 0.30824950337409973,
  "mse": 0.20098763704299927,
  "rmse": 0.44831645488739014,
  "r2": 0.8088991126670032,
  "coverage": 0.9572353959083557,
  "interval_width": 2.0209805965423584,
  "n_test_samples": 2315
}