{
  "roi_idx": 100,
  "mae": 0.19438621401786804,
  "mse": 0.11009741574525833,
  "rmse": 0.33180931210517883,
  "r2": 0.898122138213783,
  "coverage": 0.9796976447105408,
  "interval_width": 1.6254034042358398,
  "n_test_samples": 2315
}