{
  "roi_idx": 96,
  "mae": 0.18314094841480255,
  "mse": 0.10664348304271698,
  "rmse": 0.32656314969062805,
  "r2": 0.9049752487432972,
  "coverage": 0.9840172529220581,
  "interval_width": 1.624606728553772,
  "n_test_samples": 2315
}