{
  "roi_idx": 130,
  "mae": 0.16801045835018158,
  "mse": 0.056580882519483566,
  "rmse": 0.23786737024784088,
  "r2": 0.939863829434261,
  "coverage": 0.9870410561561584,
  "interval_width": 1.4489814043045044,
  "n_test_samples": 2315
}