{
  "roi_idx": 2,
  "mae": 0.1945376843214035,
  "mse": 0.07602837681770325,
  "rmse": 0.2757324278354645,
  "r2": 0.9276263792507331,
  "coverage": 0.9857451319694519,
  "interval_width": 1.5546257495880127,
  "n_test_samples": 2315
}