{
  "roi_idx": 86,
  "mae": 0.1925966441631317,
  "mse": 0.09667609632015228,
  "rmse": 0.3109278082847595,
  "r2": 0.9086315049075031,
  "coverage": 0.9831533432006836,
  "interval_width": 1.5742663145065308,
  "n_test_samples": 2315
}