{
  "roi_idx": 44,
  "mae": 0.16231869161128998,
  "mse": 0.0532119944691658,
  "rmse": 0.23067724704742432,
  "r2": 0.9467841306922578,
  "coverage": 0.9853131771087646,
  "interval_width": 1.392195224761963,
  "n_test_samples": 2315
}