{
  "roi_idx": 53,
  "mae": 0.18507586419582367,
  "mse": 0.10619080066680908,
  "rmse": 0.32586929202079773,
  "r2": 0.8968051930765824,
  "coverage": 0.9818574786186218,
  "interval_width": 1.6660267114639282,
  "n_test_samples": 2315
}