{
  "roi_idx": 139,
  "mae": 0.1728947013616562,
  "mse": 0.0825679749250412,
  "rmse": 0.28734642267227173,
  "r2": 0.9243485666806431,
  "coverage": 0.9835852980613708,
  "interval_width": 1.4970219135284424,
  "n_test_samples": 2315
}