{
  "roi_idx": 23,
  "mae": 0.1274479180574417,
  "mse": 0.03332666680216789,
  "rmse": 0.1825559288263321,
  "r2": 0.9657654206618546,
  "coverage": 0.9913606643676758,
  "interval_width": 1.3122597932815552,
  "n_test_samples": 2315
}