{
  "roi_idx": 112,
  "mae": 0.1763528287410736,
  "mse": 0.06605172157287598,
  "rmse": 0.2570053040981293,
  "r2": 0.930049578846666,
  "coverage": 0.9822894334793091,
  "interval_width": 1.516170620918274,
  "n_test_samples": 2315
}