{
  "roi_idx": 58,
  "mae": 0.17038173973560333,
  "mse": 0.06831376999616623,
  "rmse": 0.2613690197467804,
  "r2": 0.9358677874463257,
  "coverage": 0.9848812222480774,
  "interval_width": 1.5008864402770996,
  "n_test_samples": 2315
}