{
  "roi_idx": 115,
  "mae": 0.18801939487457275,
  "mse": 0.11528213322162628,
  "rmse": 0.3395322263240814,
  "r2": 0.8865666950743489,
  "coverage": 0.9853131771087646,
  "interval_width": 1.6702160835266113,
  "n_test_samples": 2315
}