{
  "roi_idx": 65,
  "mae": 0.23714107275009155,
  "mse": 0.11609506607055664,
  "rmse": 0.3407272696495056,
  "r2": 0.8803344954419735,
  "coverage": 0.9723542332649231,
  "interval_width": 1.7246382236480713,
  "n_test_samples": 2315
}