{
  "roi_idx": 118,
  "mae": 0.1474413424730301,
  "mse": 0.04401412606239319,
  "rmse": 0.20979544520378113,
  "r2": 0.9567693643139017,
  "coverage": 0.990064799785614,
  "interval_width": 1.382724642753601,
  "n_test_samples": 2315
}