{
  "roi_idx": 9,
  "mae": 0.17212191224098206,
  "mse": 0.10762234777212143,
  "rmse": 0.3280584514141083,
  "r2": 0.9018771761663582,
  "coverage": 0.9848812222480774,
  "interval_width": 1.5188113451004028,
  "n_test_samples": 2315
}