{
  "roi_idx": 38,
  "mae": 0.16751915216445923,
  "mse": 0.08684904128313065,
  "rmse": 0.29470160603523254,
  "r2": 0.9128273099440056,
  "coverage": 0.9853131771087646,
  "interval_width": 1.4861317873001099,
  "n_test_samples": 2315
}