{
  "roi_idx": 40,
  "mae": 0.2973855137825012,
  "mse": 0.17655450105667114,
  "rmse": 0.4201838970184326,
  "r2": 0.808085583411207,
  "coverage": 0.9727861881256104,
  "interval_width": 2.0589654445648193,
  "n_test_samples": 2315
}