{
  "roi_idx": 95,
  "mae": 0.17564217746257782,
  "mse": 0.09419184178113937,
  "rmse": 0.30690690875053406,
  "r2": 0.9137720725306462,
  "coverage": 0.9809935092926025,
  "interval_width": 1.561375617980957,
  "n_test_samples": 2315
}