{
  "roi_idx": 7,
  "mae": 0.15714164078235626,
  "mse": 0.05525967478752136,
  "rmse": 0.2350737601518631,
  "r2": 0.9443454581560468,
  "coverage": 0.9831533432006836,
  "interval_width": 1.3755213022232056,
  "n_test_samples": 2315
}