{
  "roi_idx": 138,
  "mae": 0.15867315232753754,
  "mse": 0.0724663957953453,
  "rmse": 0.2691958248615265,
  "r2": 0.9235394739796419,
  "coverage": 0.9883369207382202,
  "interval_width": 1.5808414220809937,
  "n_test_samples": 2315
}