{
  "roi_idx": 105,
  "mae": 0.15496906638145447,
  "mse": 0.05260925367474556,
  "rmse": 0.22936707735061646,
  "r2": 0.951334238924621,
  "coverage": 0.9853131771087646,
  "interval_width": 1.3343298435211182,
  "n_test_samples": 2315
}