{
  "roi_idx": 67,
  "mae": 0.14320676028728485,
  "mse": 0.06591334939002991,
  "rmse": 0.2567359507083893,
  "r2": 0.9437441783237743,
  "coverage": 0.9904967546463013,
  "interval_width": 1.4451597929000854,
  "n_test_samples": 2315
}