{
  "roi_idx": 124,
  "mae": 0.16451479494571686,
  "mse": 0.05843793973326683,
  "rmse": 0.2417394071817398,
  "r2": 0.9401697381768231,
  "coverage": 0.9874730110168457,
  "interval_width": 1.545985460281372,
  "n_test_samples": 2315
}