{
  "roi_idx": 33,
  "mae": 0.16176718473434448,
  "mse": 0.05646241083741188,
  "rmse": 0.23761820793151855,
  "r2": 0.9465156482931966,
  "coverage": 0.9784017205238342,
  "interval_width": 1.3513469696044922,
  "n_test_samples": 2315
}