{
  "roi_idx": 19,
  "mae": 0.16601505875587463,
  "mse": 0.05550108850002289,
  "rmse": 0.23558668792247772,
  "r2": 0.942512973080272,
  "coverage": 0.9809935092926025,
  "interval_width": 1.352681040763855,
  "n_test_samples": 2315
}