{
  "roi_idx": 94,
  "mae": 0.17206783592700958,
  "mse": 0.062013354152441025,
  "rmse": 0.24902480840682983,
  "r2": 0.9404333440324526,
  "coverage": 0.9840172529220581,
  "interval_width": 1.4607295989990234,
  "n_test_samples": 2315
}