{
  "roi_idx": 128,
  "mae": 0.19270454347133636,
  "mse": 0.07954222708940506,
  "rmse": 0.282032310962677,
  "r2": 0.922540059194761,
  "coverage": 0.9749460220336914,
  "interval_width": 1.537562608718872,
  "n_test_samples": 2315
}