{
  "roi_idx": 5,
  "mae": 0.21058334410190582,
  "mse": 0.11084798723459244,
  "rmse": 0.33293840289115906,
  "r2": 0.9047300771654551,
  "coverage": 0.9736500978469849,
  "interval_width": 1.6408116817474365,
  "n_test_samples": 2315
}