{
  "roi_idx": 35,
  "mae": 0.1774923950433731,
  "mse": 0.08616127818822861,
  "rmse": 0.2935324013233185,
  "r2": 0.9232268763719714,
  "coverage": 0.9732181429862976,
  "interval_width": 1.4612494707107544,
  "n_test_samples": 2315
}