{
  "roi_idx": 90,
  "mae": 0.21247266232967377,
  "mse": 0.10107644647359848,
  "rmse": 0.31792521476745605,
  "r2": 0.9012597055553239,
  "coverage": 0.9745140671730042,
  "interval_width": 1.681623101234436,
  "n_test_samples": 2315
}