{
  "roi_idx": 69,
  "mae": 0.2053283303976059,
  "mse": 0.08302035927772522,
  "rmse": 0.28813254833221436,
  "r2": 0.917272975238368,
  "coverage": 0.980129599571228,
  "interval_width": 1.609122633934021,
  "n_test_samples": 2315
}