{
  "roi_idx": 27,
  "mae": 0.12011502683162689,
  "mse": 0.030779492110013962,
  "rmse": 0.17544084787368774,
  "r2": 0.9707890305713635,
  "coverage": 0.9922246336936951,
  "interval_width": 1.224467158317566,
  "n_test_samples": 2315
}