{
  "roi_idx": 61,
  "mae": 0.20331214368343353,
  "mse": 0.10004358738660812,
  "rmse": 0.31629666686058044,
  "r2": 0.9063628477554102,
  "coverage": 0.9822894334793091,
  "interval_width": 1.6155216693878174,
  "n_test_samples": 2315
}