{
  "roi_idx": 142,
  "mae": 0.1825263798236847,
  "mse": 0.07943055778741837,
  "rmse": 0.28183427453041077,
  "r2": 0.9247121060398932,
  "coverage": 0.9788336753845215,
  "interval_width": 1.5209965705871582,
  "n_test_samples": 2315
}