{
  "roi_idx": 3,
  "mae": 0.1872979700565338,
  "mse": 0.07453510165214539,
  "rmse": 0.273011177778244,
  "r2": 0.9302346664912515,
  "coverage": 0.9827213883399963,
  "interval_width": 1.4931597709655762,
  "n_test_samples": 2315
}