{
  "roi_idx": 121,
  "mae": 0.19167330861091614,
  "mse": 0.12107157707214355,
  "rmse": 0.3479534089565277,
  "r2": 0.8856937022427191,
  "coverage": 0.9857451319694519,
  "interval_width": 1.6174143552780151,
  "n_test_samples": 2315
}