{
  "roi_idx": 0,
  "mae": 0.3489081859588623,
  "mse": 0.29550716280937195,
  "rmse": 0.5436056852340698,
  "r2": 0.6975293235458974,
  "coverage": 0.9492753623188406,
  "interval_width": 2.2401392459869385,
  "training_time": 12.044415712356567
}