{
  "roi_idx": 17,
  "n_subjects": 617,
  "n_timepoints": 8,
  "future_timepoints": [
    12,
    24,
    36,
    48,
    60,
    72,
    84,
    96
  ],
  "n_total_predictions": 4936,
  "mean_prediction_by_timepoint": {
    "12": -0.10551267117261887,
    "24": -0.03347214311361313,
    "36": 0.040925752371549606,
    "48": 0.1178208515048027,
    "60": 0.19685108959674835,
    "72": 0.276904821395874,
    "84": 0.35604459047317505,
    "96": 0.43166831135749817
  },
  "mean_uncertainty_by_timepoint": {
    "12": 1.1670092344284058,
    "24": 1.167268991470337,
    "36": 1.1680299043655396,
    "48": 1.1692484617233276,
    "60": 1.1709593534469604,
    "72": 1.173215389251709,
    "84": 1.1761763095855713,
    "96": 1.1800893545150757
  }
}