{
  "roi_idx": 0,
  "n_subjects": 617,
  "n_timepoints": 8,
  "future_timepoints": [
    12,
    24,
    36,
    48,
    60,
    72,
    84,
    96
  ],
  "n_total_predictions": 4936,
  "mean_prediction_by_timepoint": {
    "12": -0.09682436287403107,
    "24": -0.027377359569072723,
    "36": 0.0436207614839077,
    "48": 0.11400934308767319,
    "60": 0.18140719830989838,
    "72": 0.2434941977262497,
    "84": 0.2983272671699524,
    "96": 0.3446471393108368
  },
  "mean_uncertainty_by_timepoint": {
    "12": 1.148898720741272,
    "24": 1.1492539644241333,
    "36": 1.150285243988037,
    "48": 1.1518512964248657,
    "60": 1.1540088653564453,
    "72": 1.1568914651870728,
    "84": 1.160759449005127,
    "96": 1.165995478630066
  }
}