{
  "hippocampus": {
    "total_subjects": 2465,
    "unique_subjects": 2465,
    "age": {
      "mean": 68.96882125462021,
      "std": 11.068945343402433,
      "min": 30.0,
      "max": 92.97467939767284,
      "median": 71.10102669404517,
      "q25": 62.53388090349076,
      "q75": 77.0
    },
    "diagnosis": {
      "Normal": {
        "count": 1437,
        "percentage": 58.29614604462474
      },
      "MCI": {
        "count": 686,
        "percentage": 27.829614604462478
      },
      "AD": {
        "count": 342,
        "percentage": 13.874239350912779
      }
    },
    "apoe4": {
      "0 alleles": {
        "count": 1423,
        "percentage": 57.72819472616633
      },
      "1 allele": {
        "count": 767,
        "percentage": 31.115618661257606
      },
      "2 alleles": {
        "count": 170,
        "percentage": 6.896551724137931
      },
      "Unknown": {
        "count": 105,
        "percentage": 4.259634888438134
      }
    },
    "scanner": {
      "unique_models": 32,
      "most_common": "TrioTim",
      "most_common_count": "629"
    },
    "study": {
      "unique_studies": 7,
      "most_common": "ADNI",
      "most_common_count": "1272",
      "ADNI": {
        "count": 1272,
        "percentage": 51.60243407707911
      },
      "OASIS": {
        "count": 436,
        "percentage": 17.68762677484787
      },
      "CARDIA": {
        "count": 378,
        "percentage": 15.334685598377282
      },
      "HABS": {
        "count": 179,
        "percentage": 7.261663286004056
      },
      "PENN": {
        "count": 85,
        "percentage": 3.4482758620689653
      },
      "AIBL": {
        "count": 63,
        "percentage": 2.5557809330628802
      },
      "BLSA": {
        "count": 52,
        "percentage": 2.109533468559838
      }
    }
  },
  "spare_ad": {
    "total_subjects": 2465,
    "unique_subjects": 2465,
    "age": {
      "mean": 68.92270046444077,
      "std": 11.009370529012614,
      "min": 30.0,
      "max": 92.97467939767284,
      "median": 70.9,
      "q25": 62.540726230663935,
      "q75": 76.90205338809035
    },
    "diagnosis": {
      "Normal": {
        "count": 1428,
        "percentage": 57.931034482758626
      },
      "MCI": {
        "count": 698,
        "percentage": 28.316430020283978
      },
      "AD": {
        "count": 339,
        "percentage": 13.752535496957405
      }
    },
    "apoe4": {
      "0 alleles": {
        "count": 1429,
        "percentage": 57.97160243407708
      },
      "1 allele": {
        "count": 761,
        "percentage": 30.87221095334686
      },
      "2 alleles": {
        "count": 176,
        "percentage": 7.139959432048681
      },
      "Unknown": {
        "count": 99,
        "percentage": 4.016227180527383
      }
    },
    "scanner": {
      "unique_models": 32,
      "most_common": "TrioTim",
      "most_common_count": "624"
    },
    "study": {
      "unique_studies": 7,
      "most_common": "ADNI",
      "most_common_count": "1289",
      "ADNI": {
        "count": 1289,
        "percentage": 52.2920892494929
      },
      "OASIS": {
        "count": 441,
        "percentage": 17.890466531440165
      },
      "CARDIA": {
        "count": 376,
        "percentage": 15.253549695740364
      },
      "HABS": {
        "count": 168,
        "percentage": 6.8154158215010145
      },
      "PENN": {
        "count": 80,
        "percentage": 3.2454361054766734
      },
      "AIBL": {
        "count": 66,
        "percentage": 2.6774847870182557
      },
      "BLSA": {
        "count": 45,
        "percentage": 1.8255578093306288
      }
    }
  },
  "spare_ba": {
    "total_subjects": 2465,
    "unique_subjects": 2465,
    "age": {
      "mean": 68.92270046444077,
      "std": 11.009370529012614,
      "min": 30.0,
      "max": 92.97467939767284,
      "median": 70.9,
      "q25": 62.540726230663935,
      "q75": 76.90205338809035
    },
    "diagnosis": {
      "Normal": {
        "count": 1428,
        "percentage": 57.931034482758626
      },
      "MCI": {
        "count": 698,
        "percentage": 28.316430020283978
      },
      "AD": {
        "count": 339,
        "percentage": 13.752535496957405
      }
    },
    "apoe4": {
      "0 alleles": {
        "count": 1429,
        "percentage": 57.97160243407708
      },
      "1 allele": {
        "count": 761,
        "percentage": 30.87221095334686
      },
      "2 alleles": {
        "count": 176,
        "percentage": 7.139959432048681
      },
      "Unknown": {
        "count": 99,
        "percentage": 4.016227180527383
      }
    },
    "scanner": {
      "unique_models": 32,
      "most_common": "TrioTim",
      "most_common_count": "624"
    },
    "study": {
      "unique_studies": 7,
      "most_common": "ADNI",
      "most_common_count": "1289",
      "ADNI": {
        "count": 1289,
        "percentage": 52.2920892494929
      },
      "OASIS": {
        "count": 441,
        "percentage": 17.890466531440165
      },
      "CARDIA": {
        "count": 376,
        "percentage": 15.253549695740364
      },
      "HABS": {
        "count": 168,
        "percentage": 6.8154158215010145
      },
      "PENN": {
        "count": 80,
        "percentage": 3.2454361054766734
      },
      "AIBL": {
        "count": 66,
        "percentage": 2.6774847870182557
      },
      "BLSA": {
        "count": 45,
        "percentage": 1.8255578093306288
      }
    }
  },
  "adas": {
    "total_subjects": 1240,
    "unique_subjects": 1240,
    "age": {
      "mean": 73.9572034178976,
      "std": 7.076009233990577,
      "min": 54.96714579055441,
      "max": 91.30691307323752,
      "median": 74.00533880903492,
      "q25": 69.45616016427104,
      "q75": 78.95657084188912
    },
    "diagnosis": {
      "MCI": {
        "count": 610,
        "percentage": 49.193548387096776
      },
      "Normal": {
        "count": 400,
        "percentage": 32.25806451612903
      },
      "AD": {
        "count": 230,
        "percentage": 18.548387096774192
      }
    },
    "apoe4": {
      "0 alleles": {
        "count": 655,
        "percentage": 52.82258064516129
      },
      "1 allele": {
        "count": 467,
        "percentage": 37.66129032258064
      },
      "2 alleles": {
        "count": 118,
        "percentage": 9.516129032258064
      }
    },
    "scanner": {
      "unique_models": 25,
      "most_common": "TrioTim",
      "most_common_count": "229"
    },
    "study": {
      "unique_studies": 1,
      "most_common": "ADNI",
      "most_common_count": "1240",
      "ADNI": {
        "count": 1240,
        "percentage": 100.0
      }
    }
  },
  "mmse": {
    "total_subjects": 1959,
    "unique_subjects": 1959,
    "age": {
      "mean": 72.33085645427114,
      "std": 8.2551826522297,
      "min": 30.0,
      "max": 92.97467939767284,
      "median": 72.83648186173853,
      "q25": 67.26909650924024,
      "q75": 78.0
    },
    "diagnosis": {
      "Normal": {
        "count": 993,
        "percentage": 50.68912710566615
      },
      "MCI": {
        "count": 656,
        "percentage": 33.486472690148034
      },
      "AD": {
        "count": 310,
        "percentage": 15.82440020418581
      }
    },
    "apoe4": {
      "0 alleles": {
        "count": 1088,
        "percentage": 55.538540071465036
      },
      "1 allele": {
        "count": 652,
        "percentage": 33.282286881061765
      },
      "2 alleles": {
        "count": 145,
        "percentage": 7.401735579377233
      },
      "Unknown": {
        "count": 74,
        "percentage": 3.777437468095967
      }
    },
    "scanner": {
      "unique_models": 29,
      "most_common": "TrioTim",
      "most_common_count": "620"
    },
    "study": {
      "unique_studies": 5,
      "most_common": "ADNI",
      "most_common_count": "1214",
      "ADNI": {
        "count": 1214,
        "percentage": 61.97039305768249
      },
      "OASIS": {
        "count": 436,