{
  "roi_idx": 59,
  "mae": 0.17652948200702667,
  "mse": 0.06517095118761063,
  "rmse": 0.25528600811958313,
  "r2": 0.9385638541705659,
  "coverage": 0.9831533477321814,
  "interval_width": 1.497513771057129,
  "training_time": 13.731818914413452
}