{
  "roi_idx": 83,
  "mae": 0.14291630685329437,
  "mse": 0.04519854485988617,
  "rmse": 0.2125995010137558,
  "r2": 0.9555642925809469,
  "coverage": 0.9904967602591793,
  "interval_width": 1.367455005645752,
  "training_time": 13.7863028049469
}