{
  "roi_idx": 42,
  "mae": 0.12843674421310425,
  "mse": 0.03340468555688858,
  "rmse": 0.18276949226856232,
  "r2": 0.9644578148094248,
  "coverage": 0.9904967602591793,
  "interval_width": 1.239944577217102,
  "training_time": 13.735485792160034
}