{
  "roi_idx": 81,
  "mae": 0.19625408947467804,
  "mse": 0.07661403715610504,
  "rmse": 0.27679240703582764,
  "r2": 0.9312001546333665,
  "coverage": 0.9840172786177106,
  "interval_width": 1.530097484588623,
  "training_time": 13.678748369216919
}