{
  "roi_idx": 108,
  "mae": 0.15563969314098358,
  "mse": 0.053644370287656784,
  "rmse": 0.23161254823207855,
  "r2": 0.9527093631903353,
  "coverage": 0.9840172786177106,
  "interval_width": 1.357007384300232,
  "training_time": 13.423636198043823
}