{
  "roi_idx": 14,
  "mae": 0.14718006551265717,
  "mse": 0.0637597069144249,
  "rmse": 0.2525068521499634,
  "r2": 0.940041812575709,
  "coverage": 0.978401727861771,
  "interval_width": 1.3639110326766968,
  "training_time": 13.763639211654663
}