{
  "roi_idx": 54,
  "mae": 0.18787960708141327,
  "mse": 0.11255136877298355,
  "rmse": 0.3354867696762085,
  "r2": 0.8909838809633484,
  "coverage": 0.9827213822894169,
  "interval_width": 1.6945375204086304,
  "training_time": 13.79927659034729
}