{
  "roi_idx": 144,
  "mae": 0.1188465878367424,
  "mse": 0.03256717324256897,
  "rmse": 0.1804637759923935,
  "r2": 0.966168588981624,
  "coverage": 0.9956803455723542,
  "interval_width": 1.3099528551101685,
  "training_time": 13.660512208938599
}