{
  "roi_idx": 25,
  "mae": 0.13558249175548553,
  "mse": 0.03699973598122597,
  "rmse": 0.19235315918922424,
  "r2": 0.9631095611136417,
  "coverage": 0.9857451403887689,
  "interval_width": 1.2241744995117188,
  "training_time": 13.727309942245483
}