{
  "roi_idx": 58,
  "mae": 0.17038173973560333,
  "mse": 0.06831376999616623,
  "rmse": 0.2613690197467804,
  "r2": 0.9358677874463257,
  "coverage": 0.9848812095032398,
  "interval_width": 1.501035213470459,
  "training_time": 13.708905696868896
}