{
  "roi_idx": 8,
  "mae": 0.15509015321731567,
  "mse": 0.06481976062059402,
  "rmse": 0.2545972466468811,
  "r2": 0.9405790810176616,
  "coverage": 0.9844492440604752,
  "interval_width": 1.3625297546386719,
  "training_time": 13.339329957962036
}