{
  "roi_idx": 46,
  "mae": 0.09735959768295288,
  "mse": 0.019642140716314316,
  "rmse": 0.14015042781829834,
  "r2": 0.9819028083652317,
  "coverage": 0.9965442764578833,
  "interval_width": 1.1925122737884521,
  "training_time": 14.151852369308472
}