{
  "roi_idx": 65,
  "mae": 0.23714107275009155,
  "mse": 0.11609506607055664,
  "rmse": 0.3407272696495056,
  "r2": 0.8803344954419735,
  "coverage": 0.9723542116630669,
  "interval_width": 1.7246372699737549,
  "training_time": 13.771849155426025
}