{
  "roi_idx": 79,
  "mae": 0.14447501301765442,
  "mse": 0.04410523548722267,
  "rmse": 0.21001246571540833,
  "r2": 0.9559295856493586,
  "coverage": 0.9904967602591793,
  "interval_width": 1.3390923738479614,
  "training_time": 13.353556871414185
}