{
  "roi_idx": 48,
  "mae": 0.1436006724834442,
  "mse": 0.04294178634881973,
  "rmse": 0.20722399652004242,
  "r2": 0.9582206303401135,
  "coverage": 0.9904967602591793,
  "interval_width": 1.3548171520233154,
  "training_time": 13.403669357299805
}