{
  "roi_idx": 43,
  "mae": 0.13827818632125854,
  "mse": 0.037325669080019,
  "rmse": 0.19319851696491241,
  "r2": 0.9630723481167562,
  "coverage": 0.9913606911447084,
  "interval_width": 1.2354154586791992,
  "training_time": 13.347365140914917
}