{
  "roi_idx": 82,
  "mae": 0.17500236630439758,
  "mse": 0.06068197637796402,
  "rmse": 0.24633711576461792,
  "r2": 0.9417690385075893,
  "coverage": 0.9874730021598273,
  "interval_width": 1.4863427877426147,
  "training_time": 13.509060621261597
}