{
  "roi_idx": 61,
  "mae": 0.20331214368343353,
  "mse": 0.10004358738660812,
  "rmse": 0.31629666686058044,
  "r2": 0.9063628477554102,
  "coverage": 0.9822894168466523,
  "interval_width": 1.6154682636260986,
  "training_time": 13.749252796173096
}