{
  "roi_idx": 64,
  "mae": 0.18759019672870636,
  "mse": 0.07765057682991028,
  "rmse": 0.27865853905677795,
  "r2": 0.9267247314946203,
  "coverage": 0.978401727861771,
  "interval_width": 1.485633134841919,
  "training_time": 13.674417495727539
}