{
  "roi_idx": 78,
  "mae": 0.2057480663061142,
  "mse": 0.08367176353931427,
  "rmse": 0.28926071524620056,
  "r2": 0.9181301782208996,
  "coverage": 0.9801295896328294,
  "interval_width": 1.6127489805221558,
  "training_time": 13.705662965774536
}