{
  "roi_idx": 141,
  "mae": 0.18373842537403107,
  "mse": 0.07648511976003647,
  "rmse": 0.276559442281723,
  "r2": 0.9308177056165039,
  "coverage": 0.9779697624190065,
  "interval_width": 1.506473183631897,
  "training_time": 13.329982280731201
}