{
  "roi_idx": 15,
  "mae": 0.14145874977111816,
  "mse": 0.07401713728904724,
  "rmse": 0.27206090092658997,
  "r2": 0.9348729507436225,
  "coverage": 0.9732181425485961,
  "interval_width": 1.3579026460647583,
  "training_time": 13.723435878753662
}