{
  "roi_idx": 96,
  "mae": 0.18314094841480255,
  "mse": 0.10664348304271698,
  "rmse": 0.32656314969062805,
  "r2": 0.9049752487432972,
  "coverage": 0.9840172786177106,
  "interval_width": 1.6250741481781006,
  "training_time": 13.459575176239014
}