{
  "roi_idx": 73,
  "mae": 0.18699339032173157,
  "mse": 0.11530173569917679,
  "rmse": 0.3395611047744751,
  "r2": 0.8962081058577364,
  "coverage": 0.9840172786177106,
  "interval_width": 1.6052979230880737,
  "training_time": 13.702923774719238
}