{
  "roi_idx": 111,
  "mae": 0.16144227981567383,
  "mse": 0.05411819368600845,
  "rmse": 0.23263317346572876,
  "r2": 0.9434871267842222,
  "coverage": 0.9840172786177106,
  "interval_width": 1.4637646675109863,
  "training_time": 13.445149183273315
}