{
  "roi_idx": 41,
  "mae": 0.3032941520214081,
  "mse": 0.1773642599582672,
  "rmse": 0.42114636301994324,
  "r2": 0.8066618019765295,
  "coverage": 0.9714902807775379,
  "interval_width": 2.0445716381073,
  "training_time": 13.514162540435791
}