{
  "roi_idx": 49,
  "mae": 0.162811741232872,
  "mse": 0.055136874318122864,
  "rmse": 0.2348124235868454,
  "r2": 0.9435320116052385,
  "coverage": 0.9883369330453564,
  "interval_width": 1.4729743003845215,
  "training_time": 13.406704664230347
}