{
  "roi_idx": 100,
  "mae": 0.19438621401786804,
  "mse": 0.11009741574525833,
  "rmse": 0.33180931210517883,
  "r2": 0.898122138213783,
  "coverage": 0.9796976241900648,
  "interval_width": 1.62539541721344,
  "training_time": 13.797249794006348
}