{
  "roi_idx": 2,
  "mae": 0.1945376843214035,
  "mse": 0.07602837681770325,
  "rmse": 0.2757324278354645,
  "r2": 0.9276263792507331,
  "coverage": 0.9857451403887689,
  "interval_width": 1.5546294450759888,
  "training_time": 13.332348823547363
}