{
  "roi_idx": 50,
  "mae": 0.16627953946590424,
  "mse": 0.05766870453953743,
  "rmse": 0.2401430904865265,
  "r2": 0.9404761787054574,
  "coverage": 0.9844492440604752,
  "interval_width": 1.4911690950393677,
  "training_time": 13.717856168746948
}