{
  "roi_idx": 86,
  "mae": 0.1925966441631317,
  "mse": 0.09667609632015228,
  "rmse": 0.3109278082847595,
  "r2": 0.9086315049075031,
  "coverage": 0.9831533477321814,
  "interval_width": 1.5741888284683228,
  "training_time": 13.432084560394287
}