{
  "roi_idx": 1,
  "mae": 0.12551762163639069,
  "mse": 0.037142787128686905,
  "rmse": 0.19272464513778687,
  "r2": 0.9652065435345747,
  "coverage": 0.983585313174946,
  "interval_width": 1.2168480157852173,
  "training_time": 13.739351034164429
}