{
  "roi_idx": 62,
  "mae": 0.20278112590312958,
  "mse": 0.11405877023935318,
  "rmse": 0.3377258777618408,
  "r2": 0.8962954986860397,
  "coverage": 0.9723542116630669,
  "interval_width": 1.5446633100509644,
  "training_time": 14.120895624160767
}