{
  "roi_idx": 16,
  "mae": 0.14246325194835663,
  "mse": 0.07324791699647903,
  "rmse": 0.27064353227615356,
  "r2": 0.9256460888797132,
  "coverage": 0.9732181425485961,
  "interval_width": 1.3531036376953125,
  "training_time": 13.390536308288574
}