{
  "roi_idx": 80,
  "mae": 0.15081104636192322,
  "mse": 0.045383766293525696,
  "rmse": 0.21303465962409973,
  "r2": 0.9584309997256554,
  "coverage": 0.988768898488121,
  "interval_width": 1.3590424060821533,
  "training_time": 13.80177903175354
}