{
  "roi_idx": 44,
  "mae": 0.16231869161128998,
  "mse": 0.0532119944691658,
  "rmse": 0.23067724704742432,
  "r2": 0.9467841306922578,
  "coverage": 0.9853131749460043,
  "interval_width": 1.3921945095062256,
  "training_time": 13.482560396194458
}