{
  "roi_idx": 106,
  "mae": 0.15730328857898712,
  "mse": 0.05511549115180969,
  "rmse": 0.234766885638237,
  "r2": 0.9498236947206568,
  "coverage": 0.9844492440604752,
  "interval_width": 1.3773399591445923,
  "training_time": 13.413286924362183
}