{
  "roi_idx": 132,
  "mae": 0.21503466367721558,
  "mse": 0.1548033207654953,
  "rmse": 0.393450528383255,
  "r2": 0.849736417024182,
  "coverage": 0.9870410367170627,
  "interval_width": 1.9024542570114136,
  "training_time": 13.73423457145691
}