{
  "roi_idx": 30,
  "mae": 0.30824950337409973,
  "mse": 0.20098763704299927,
  "rmse": 0.44831645488739014,
  "r2": 0.8088991126670032,
  "coverage": 0.9572354211663067,
  "interval_width": 2.020984411239624,
  "training_time": 13.737319946289062
}