{
  "roi_idx": 142,
  "mae": 0.1825263798236847,
  "mse": 0.07943055778741837,
  "rmse": 0.28183427453041077,
  "r2": 0.9247121060398932,
  "coverage": 0.9788336933045356,
  "interval_width": 1.521037220954895,
  "training_time": 13.772256851196289
}