{
  "roi_idx": 118,
  "mae": 0.1474413424730301,
  "mse": 0.04401412606239319,
  "rmse": 0.20979544520378113,
  "r2": 0.9567693643139017,
  "coverage": 0.9900647948164147,
  "interval_width": 1.3827245235443115,
  "training_time": 13.708938360214233
}