{
  "roi_idx": 128,
  "mae": 0.19270454347133636,
  "mse": 0.07954222708940506,
  "rmse": 0.282032310962677,
  "r2": 0.922540059194761,
  "coverage": 0.9749460043196544,
  "interval_width": 1.5375642776489258,
  "training_time": 13.731773138046265
}