{
  "roi_idx": 115,
  "mae": 0.18801939487457275,
  "mse": 0.11528213322162628,
  "rmse": 0.3395322263240814,
  "r2": 0.8865666950743489,
  "coverage": 0.9848812095032398,
  "interval_width": 1.6703276634216309,
  "training_time": 13.809315919876099
}