{
  "roi_idx": 75,
  "mae": 0.15023569762706757,
  "mse": 0.0548386387526989,
  "rmse": 0.23417651653289795,
  "r2": 0.9484748914277887,
  "coverage": 0.9866090712742981,
  "interval_width": 1.348034381866455,
  "training_time": 13.75972604751587
}