{
  "roi_idx": 17,
  "mae": 0.09667377173900604,
  "mse": 0.02430712804198265,
  "rmse": 0.15590743720531464,
  "r2": 0.9739623801400841,
  "coverage": 0.9879049676025918,
  "interval_width": 1.1691399812698364,
  "training_time": 13.270981788635254
}