{
  "roi_idx": 35,
  "mae": 0.1774923950433731,
  "mse": 0.08616127818822861,
  "rmse": 0.2935324013233185,
  "r2": 0.9232268763719714,
  "coverage": 0.9732181425485961,
  "interval_width": 1.4612629413604736,
  "training_time": 13.724179744720459
}