{
  "roi_idx": 131,
  "mae": 0.20241369307041168,
  "mse": 0.1402493268251419,
  "rmse": 0.37449875473976135,
  "r2": 0.8596675876026634,
  "coverage": 0.9814254859611231,
  "interval_width": 1.7591427564620972,
  "training_time": 14.218016624450684
}