{
  "roi_idx": 3,
  "mae": 0.1872979700565338,
  "mse": 0.07453510165214539,
  "rmse": 0.273011177778244,
  "r2": 0.9302346664912515,
  "coverage": 0.9827213822894169,
  "interval_width": 1.4931517839431763,
  "training_time": 13.41716742515564
}