{
  "roi_idx": 94,
  "mae": 0.17206783592700958,
  "mse": 0.062013354152441025,
  "rmse": 0.24902480840682983,
  "r2": 0.9404333440324526,
  "coverage": 0.9840172786177106,
  "interval_width": 1.4607188701629639,
  "training_time": 13.753467082977295
}