{
  "roi_idx": 18,
  "mae": 0.09719007462263107,
  "mse": 0.023788366466760635,
  "rmse": 0.15423478186130524,
  "r2": 0.9749868681690341,
  "coverage": 0.9879049676025918,
  "interval_width": 1.16117525100708,
  "training_time": 13.779775381088257
}