{
  "roi_idx": 69,
  "mae": 0.2053283303976059,
  "mse": 0.08302035927772522,
  "rmse": 0.28813254833221436,
  "r2": 0.917272975238368,
  "coverage": 0.9801295896328294,
  "interval_width": 1.6091316938400269,
  "training_time": 13.783327341079712
}