{
  "roi_idx": 37,
  "mae": 0.19053807854652405,
  "mse": 0.11080906540155411,
  "rmse": 0.3328799605369568,
  "r2": 0.8948630869006106,
  "coverage": 0.9792656587473002,
  "interval_width": 1.6368906497955322,
  "training_time": 13.415455102920532
}