{
  "roi_idx": 40,
  "mae": 0.2973855137825012,
  "mse": 0.17655450105667114,
  "rmse": 0.4201838970184326,
  "r2": 0.808085583411207,
  "coverage": 0.9727861771058315,
  "interval_width": 2.058959722518921,
  "training_time": 13.416727066040039
}