{
  "roi_idx": 21,
  "mae": 0.1585424691438675,
  "mse": 0.049522679299116135,
  "rmse": 0.22253692150115967,
  "r2": 0.9478383415796526,
  "coverage": 0.9892008639308856,
  "interval_width": 1.4122579097747803,
  "training_time": 13.712803840637207
}