{
  "roi_idx": 22,
  "mae": 0.14660871028900146,
  "mse": 0.051109857857227325,
  "rmse": 0.22607488930225372,
  "r2": 0.948274880923964,
  "coverage": 0.9883369330453564,
  "interval_width": 1.3987481594085693,
  "training_time": 13.347312211990356
}