{
  "roi_idx": 0,
  "mae": 0.09070151299238205,
  "mse": 0.02046181634068489,
  "rmse": 0.14304479956626892,
  "r2": 0.977168841333456,
  "coverage": 0.9904967602591793,
  "interval_width": 1.1323508024215698,
  "training_time": 13.279680728912354
}