{
  "roi_idx": 124,
  "mae": 0.16451479494571686,
  "mse": 0.05843793973326683,
  "rmse": 0.2417394071817398,
  "r2": 0.9401697381768231,
  "coverage": 0.9874730021598273,
  "interval_width": 1.5459444522857666,
  "training_time": 13.756317138671875
}