{
  "roi_idx": 27,
  "mae": 0.12011502683162689,
  "mse": 0.030779492110013962,
  "rmse": 0.17544084787368774,
  "r2": 0.9707890305713635,
  "coverage": 0.9922246220302375,
  "interval_width": 1.2244664430618286,
  "training_time": 13.489991903305054
}