{
  "roi_idx": 95,
  "mae": 0.17564217746257782,
  "mse": 0.09419184178113937,
  "rmse": 0.30690690875053406,
  "r2": 0.9137720725306462,
  "coverage": 0.9809935205183585,
  "interval_width": 1.5614498853683472,
  "training_time": 13.785561084747314
}