{
  "roi_idx": 104,
  "mae": 0.18055739998817444,
  "mse": 0.06842578947544098,
  "rmse": 0.26158323884010315,
  "r2": 0.9340378478160669,
  "coverage": 0.9818574514038877,
  "interval_width": 1.5149637460708618,
  "training_time": 13.813713312149048
}