{
  "roi_idx": 7,
  "mae": 0.15714164078235626,
  "mse": 0.05525967478752136,
  "rmse": 0.2350737601518631,
  "r2": 0.9443454581560468,
  "coverage": 0.9831533477321814,
  "interval_width": 1.3755062818527222,
  "training_time": 13.406007528305054
}