{
  "roi_idx": 107,
  "mae": 0.15774428844451904,
  "mse": 0.05519744008779526,
  "rmse": 0.23494134843349457,
  "r2": 0.950730561374611,
  "coverage": 0.9796976241900648,
  "interval_width": 1.3482989072799683,
  "training_time": 13.485053062438965
}