{
  "roi_idx": 72,
  "mae": 0.22397294640541077,
  "mse": 0.18126584589481354,
  "rmse": 0.42575326561927795,
  "r2": 0.8198875663882983,
  "coverage": 0.9814254859611231,
  "interval_width": 1.761318325996399,
  "training_time": 13.712262392044067
}