{
  "roi_idx": 140,
  "mae": 0.17507675290107727,
  "mse": 0.09575632959604263,
  "rmse": 0.30944520235061646,
  "r2": 0.9122601899382481,
  "coverage": 0.9788336933045356,
  "interval_width": 1.4377485513687134,
  "training_time": 13.764331817626953
}