{
  "roi_idx": 26,
  "mae": 0.13626432418823242,
  "mse": 0.03829297423362732,
  "rmse": 0.19568590819835663,
  "r2": 0.9621157627338208,
  "coverage": 0.9857451403887689,
  "interval_width": 1.2132128477096558,
  "training_time": 13.34032416343689
}