{
  "roi_idx": 88,
  "mae": 0.1976165920495987,
  "mse": 0.07967416942119598,
  "rmse": 0.28226613998413086,
  "r2": 0.9219230351495219,
  "coverage": 0.9831533477321814,
  "interval_width": 1.6001259088516235,
  "training_time": 14.191488981246948
}