{
  "roi_idx": 23,
  "mae": 0.1274479180574417,
  "mse": 0.03332666680216789,
  "rmse": 0.1825559288263321,
  "r2": 0.9657654206618546,
  "coverage": 0.9913606911447084,
  "interval_width": 1.3122609853744507,
  "training_time": 13.360676288604736
}