{
  "roi_idx": 74,
  "mae": 0.19615423679351807,
  "mse": 0.1215846911072731,
  "rmse": 0.3486899733543396,
  "r2": 0.8911832831350961,
  "coverage": 0.9814254859611231,
  "interval_width": 1.6514670848846436,
  "training_time": 13.67680048942566
}