{
  "roi_idx": 134,
  "mae": 0.1869591623544693,
  "mse": 0.07901032269001007,
  "rmse": 0.2810877561569214,
  "r2": 0.9246569828712516,
  "coverage": 0.980561555075594,
  "interval_width": 1.542802095413208,
  "training_time": 13.392587423324585
}