{
  "roi_idx": 36,
  "mae": 0.19031350314617157,
  "mse": 0.10939939320087433,
  "rmse": 0.3307558000087738,
  "r2": 0.8946232863061249,
  "coverage": 0.9827213822894169,
  "interval_width": 1.6673096418380737,
  "training_time": 13.707436800003052
}