{
  "roi_idx": 129,
  "mae": 0.19092705845832825,
  "mse": 0.07397499680519104,
  "rmse": 0.27198344469070435,
  "r2": 0.9270927028213025,
  "coverage": 0.9788336933045356,
  "interval_width": 1.5105887651443481,
  "training_time": 13.763267993927002
}