{
  "roi_idx": 137,
  "mae": 0.15642805397510529,
  "mse": 0.060669511556625366,
  "rmse": 0.24631181359291077,
  "r2": 0.9437405102231312,
  "coverage": 0.9870410367170627,
  "interval_width": 1.4950119256973267,
  "training_time": 13.392666578292847
}