{
  "roi_idx": 13,
  "mae": 0.1390514224767685,
  "mse": 0.049992550164461136,
  "rmse": 0.22359013557434082,
  "r2": 0.9512053856722055,
  "coverage": 0.9844492440604752,
  "interval_width": 1.349522590637207,
  "training_time": 13.737204313278198
}