{
  "roi_idx": 87,
  "mae": 0.18927687406539917,
  "mse": 0.07222623378038406,
  "rmse": 0.2687493860721588,
  "r2": 0.927667433358464,
  "coverage": 0.9840172786177106,
  "interval_width": 1.6049519777297974,
  "training_time": 14.195544958114624
}