{
  "roi_idx": 125,
  "mae": 0.18193861842155457,
  "mse": 0.0683099552989006,
  "rmse": 0.2613617181777954,
  "r2": 0.9219346973454859,
  "coverage": 0.9814254859611231,
  "interval_width": 1.5302881002426147,
  "training_time": 13.750140905380249
}