{
  "roi_idx": 135,
  "mae": 0.18052585422992706,
  "mse": 0.08663508296012878,
  "rmse": 0.2943383753299713,
  "r2": 0.9146656588907257,
  "coverage": 0.9844492440604752,
  "interval_width": 1.6087566614151,
  "training_time": 13.369730472564697
}