{
  "roi_idx": 136,
  "mae": 0.1812586486339569,
  "mse": 0.09188108146190643,
  "rmse": 0.30311891436576843,
  "r2": 0.9109610281074456,
  "coverage": 0.9840172786177106,
  "interval_width": 1.6416834592819214,
  "training_time": 13.715245962142944
}