{
  "roi_idx": 112,
  "mae": 0.1763528287410736,
  "mse": 0.06605172157287598,
  "rmse": 0.2570053040981293,
  "r2": 0.930049578846666,
  "coverage": 0.9822894168466523,
  "interval_width": 1.5161269903182983,
  "training_time": 13.770974397659302
}