{
  "roi_idx": 6,
  "mae": 0.11414938420057297,
  "mse": 0.02749084122478962,
  "rmse": 0.16580362617969513,
  "r2": 0.9734231389023237,
  "coverage": 0.9926565874730021,
  "interval_width": 1.1921775341033936,
  "training_time": 13.400893926620483
}