{
  "roi_idx": 63,
  "mae": 0.18677186965942383,
  "mse": 0.07712607830762863,
  "rmse": 0.2777158319950104,
  "r2": 0.9226296151732706,
  "coverage": 0.9762419006479481,
  "interval_width": 1.5288550853729248,
  "training_time": 13.389087438583374
}