{
  "roi_idx": 60,
  "mae": 0.17185865342617035,
  "mse": 0.06303586810827255,
  "rmse": 0.25106945633888245,
  "r2": 0.9357720568334311,
  "coverage": 0.980561555075594,
  "interval_width": 1.4891570806503296,
  "training_time": 13.461899995803833
}