{
  "roi_idx": 67,
  "mae": 0.14320676028728485,
  "mse": 0.06591334939002991,
  "rmse": 0.2567359507083893,
  "r2": 0.9437441783237743,
  "coverage": 0.9904967602591793,
  "interval_width": 1.4451700448989868,
  "training_time": 13.713912010192871
}