{
  "roi_idx": 34,
  "mae": 0.1928047388792038,
  "mse": 0.09498073160648346,
  "rmse": 0.3081894516944885,
  "r2": 0.9114725772719358,
  "coverage": 0.9706263498920087,
  "interval_width": 1.5288307666778564,
  "training_time": 13.724412679672241
}