{
  "roi_idx": 109,
  "mae": 0.18512769043445587,
  "mse": 0.07857732474803925,
  "rmse": 0.28031647205352783,
  "r2": 0.9243711555776207,
  "coverage": 0.9861771058315335,
  "interval_width": 1.5584006309509277,
  "training_time": 13.771924018859863
}