{
  "roi_idx": 12,
  "mae": 0.20768344402313232,
  "mse": 0.12199079245328903,
  "rmse": 0.3492718040943146,
  "r2": 0.8725813796609123,
  "coverage": 0.980561555075594,
  "interval_width": 1.6462914943695068,
  "training_time": 13.712202072143555
}