{
  "roi_idx": 117,
  "mae": 0.16335973143577576,
  "mse": 0.05439256504178047,
  "rmse": 0.2332221418619156,
  "r2": 0.9484373923789214,
  "coverage": 0.9866090712742981,
  "interval_width": 1.4663199186325073,
  "training_time": 13.357745885848999
}