{
  "roi_idx": 24,
  "mae": 0.12689469754695892,
  "mse": 0.033585719764232635,
  "rmse": 0.18326407670974731,
  "r2": 0.9667928411168074,
  "coverage": 0.9913606911447084,
  "interval_width": 1.3121006488800049,
  "training_time": 13.713794469833374
}