{
  "roi_idx": 97,
  "mae": 0.20665143430233002,
  "mse": 0.09821855276823044,
  "rmse": 0.3133983910083771,
  "r2": 0.8960216729269014,
  "coverage": 0.9749460043196544,
  "interval_width": 1.6208908557891846,
  "training_time": 13.278174877166748
}