{
  "roi_idx": 143,
  "mae": 0.13466614484786987,
  "mse": 0.04070447012782097,
  "rmse": 0.20175348222255707,
  "r2": 0.9592901991588388,
  "coverage": 0.9909287257019438,
  "interval_width": 1.3236690759658813,
  "training_time": 13.729349374771118
}