{
  "roi_idx": 105,
  "mae": 0.15496906638145447,
  "mse": 0.05260925367474556,
  "rmse": 0.22936707735061646,
  "r2": 0.951334238924621,
  "coverage": 0.9853131749460043,
  "interval_width": 1.3343313932418823,
  "training_time": 13.767915964126587
}