{
  "roi_idx": 77,
  "mae": 0.20221570134162903,
  "mse": 0.08139646798372269,
  "rmse": 0.28530067205429077,
  "r2": 0.9191414848282085,
  "coverage": 0.9861771058315335,
  "interval_width": 1.643734335899353,
  "training_time": 13.732637166976929
}