{
  "roi_idx": 20,
  "mae": 0.16331475973129272,
  "mse": 0.06230718642473221,
  "rmse": 0.24961407482624054,
  "r2": 0.9358924121647513,
  "coverage": 0.9848812095032398,
  "interval_width": 1.3631091117858887,
  "training_time": 14.191890239715576
}