{
  "roi_idx": 71,
  "mae": 0.2059136927127838,
  "mse": 0.16673485934734344,
  "rmse": 0.40833181142807007,
  "r2": 0.8495952686459631,
  "coverage": 0.9844492440604752,
  "interval_width": 1.7022455930709839,
  "training_time": 13.780801773071289
}