{
  "roi_idx": 90,
  "mae": 0.21247266232967377,
  "mse": 0.10107644647359848,
  "rmse": 0.31792521476745605,
  "r2": 0.9012597055553239,
  "coverage": 0.9745140388768898,
  "interval_width": 1.6816364526748657,
  "training_time": 13.733259439468384
}