{
  "roi_idx": 121,
  "mae": 0.19167330861091614,
  "mse": 0.12107157707214355,
  "rmse": 0.3479534089565277,
  "r2": 0.8856937022427191,
  "coverage": 0.9857451403887689,
  "interval_width": 1.6173995733261108,
  "training_time": 14.197760343551636
}