{
  "roi_idx": 113,
  "mae": 0.1669888198375702,
  "mse": 0.07994086295366287,
  "rmse": 0.2827381491661072,
  "r2": 0.9086372796649115,
  "coverage": 0.9874730021598273,
  "interval_width": 1.5951851606369019,
  "training_time": 13.417626857757568
}