{
  "roi_idx": 66,
  "mae": 0.2470632791519165,
  "mse": 0.2145409733057022,
  "rmse": 0.4631856679916382,
  "r2": 0.8055465071465402,
  "coverage": 0.9749460043196544,
  "interval_width": 1.7440454959869385,
  "training_time": 13.74319314956665
}