{
  "roi_idx": 119,
  "mae": 0.20632940530776978,
  "mse": 0.08449861407279968,
  "rmse": 0.2906864583492279,
  "r2": 0.9150796017519279,
  "coverage": 0.9814254859611231,
  "interval_width": 1.6236188411712646,
  "training_time": 13.699519634246826
}