{
  "roi_idx": 127,
  "mae": 0.17588238418102264,
  "mse": 0.06260380893945694,
  "rmse": 0.2502075433731079,
  "r2": 0.9374734216685185,
  "coverage": 0.9844492440604752,
  "interval_width": 1.4828698635101318,
  "training_time": 13.79038119316101
}