{
  "roi_idx": 70,
  "mae": 0.2018386274576187,
  "mse": 0.08352293074131012,
  "rmse": 0.2890033423900604,
  "r2": 0.9240501141974721,
  "coverage": 0.980561555075594,
  "interval_width": 1.5726866722106934,
  "training_time": 13.744539737701416
}