{
  "roi_idx": 103,
  "mae": 0.18581651151180267,
  "mse": 0.0713011622428894,
  "rmse": 0.2670227885246277,
  "r2": 0.9322300716306741,
  "coverage": 0.9801295896328294,
  "interval_width": 1.5423827171325684,
  "training_time": 13.297726392745972
}