{
  "roi_idx": 101,
  "mae": 0.17219306528568268,
  "mse": 0.06554564088582993,
  "rmse": 0.25601881742477417,
  "r2": 0.9372553486087147,
  "coverage": 0.9801295896328294,
  "interval_width": 1.4668222665786743,
  "training_time": 13.346914291381836
}