{
  "roi_idx": 52,
  "mae": 0.2227512151002884,
  "mse": 0.10045255720615387,
  "rmse": 0.3169425129890442,
  "r2": 0.9060374682279478,
  "coverage": 0.9749460043196544,
  "interval_width": 1.6602904796600342,
  "training_time": 13.357850313186646
}