{
  "roi_idx": 9,
  "mae": 0.17212191224098206,
  "mse": 0.10762234777212143,
  "rmse": 0.3280584514141083,
  "r2": 0.9018771761663582,
  "coverage": 0.9848812095032398,
  "interval_width": 1.5188275575637817,
  "training_time": 13.767453908920288
}