{
  "roi_idx": 93,
  "mae": 0.16546332836151123,
  "mse": 0.05462145805358887,
  "rmse": 0.2337123453617096,
  "r2": 0.9458830294973009,
  "coverage": 0.9870410367170627,
  "interval_width": 1.3736050128936768,
  "training_time": 13.376326084136963
}