{
  "roi_idx": 138,
  "mae": 0.15867315232753754,
  "mse": 0.0724663957953453,
  "rmse": 0.2691958248615265,
  "r2": 0.9235394739796419,
  "coverage": 0.9883369330453564,
  "interval_width": 1.5808138847351074,
  "training_time": 13.767125368118286
}