{
  "roi_idx": 130,
  "mae": 0.16801045835018158,
  "mse": 0.056580882519483566,
  "rmse": 0.23786737024784088,
  "r2": 0.939863829434261,
  "coverage": 0.9870410367170627,
  "interval_width": 1.4489978551864624,
  "training_time": 13.310558557510376
}