{
  "roi_idx": 51,
  "mae": 0.21158094704151154,
  "mse": 0.09110715240240097,
  "rmse": 0.3018396198749542,
  "r2": 0.9053150975347057,
  "coverage": 0.9827213822894169,
  "interval_width": 1.7002485990524292,
  "training_time": 13.418050765991211
}