{
  "roi_idx": 11,
  "mae": 0.21303924918174744,
  "mse": 0.1465192288160324,
  "rmse": 0.3827783167362213,
  "r2": 0.8533534987498552,
  "coverage": 0.9779697624190065,
  "interval_width": 1.6424148082733154,
  "training_time": 13.680092811584473
}