{
  "roi_idx": 98,
  "mae": 0.19438867270946503,
  "mse": 0.08406121283769608,
  "rmse": 0.28993311524391174,
  "r2": 0.921660807056152,
  "coverage": 0.980561555075594,
  "interval_width": 1.5586612224578857,
  "training_time": 14.20369267463684
}