{
  "roi_idx": 122,
  "mae": 0.20778703689575195,
  "mse": 0.14926289021968842,
  "rmse": 0.3863455653190613,
  "r2": 0.8637594509800856,
  "coverage": 0.9861771058315335,
  "interval_width": 1.7459808588027954,
  "training_time": 14.218880653381348
}