{
  "roi_idx": 31,
  "mae": 0.2966395616531372,
  "mse": 0.18807107210159302,
  "rmse": 0.43367162346839905,
  "r2": 0.8086106332565499,
  "coverage": 0.9650107991360691,
  "interval_width": 2.0306241512298584,
  "training_time": 13.812175750732422
}