{
  "roi_idx": 38,
  "mae": 0.16751915216445923,
  "mse": 0.08684904128313065,
  "rmse": 0.29470160603523254,
  "r2": 0.9128273099440056,
  "coverage": 0.9853131749460043,
  "interval_width": 1.486191987991333,
  "training_time": 13.71286392211914
}