{
  "roi_idx": 76,
  "mae": 0.147574320435524,
  "mse": 0.057285111397504807,
  "rmse": 0.2393430769443512,
  "r2": 0.9408803940596513,
  "coverage": 0.9904967602591793,
  "interval_width": 1.3502544164657593,
  "training_time": 13.757940530776978
}