{
  "roi_idx": 47,
  "mae": 0.14819161593914032,
  "mse": 0.04636883735656738,
  "rmse": 0.21533425152301788,
  "r2": 0.9566938387287232,
  "coverage": 0.9904967602591793,
  "interval_width": 1.3709971904754639,
  "training_time": 13.707799434661865
}