{
  "roi_idx": 123,
  "mae": 0.18587848544120789,
  "mse": 0.07128195464611053,
  "rmse": 0.26698681712150574,
  "r2": 0.9256332575072159,
  "coverage": 0.988768898488121,
  "interval_width": 1.592835783958435,
  "training_time": 14.00687050819397
}