{
  "roi_idx": 102,
  "mae": 0.18590399622917175,
  "mse": 0.07621950656175613,
  "rmse": 0.2760787904262543,
  "r2": 0.9253728810149137,
  "coverage": 0.9818574514038877,
  "interval_width": 1.513515830039978,
  "training_time": 13.822326898574829
}